FirstName;LastName;Email;Tags;DateHired;Picture
Anne;Dupont;annedupont@gmail.com;;12/07/2045;files/persons/f1.jpg
Pierre;Martin;p.martin@hotmail.com;;25/04/2068;files/persons/h1.jpg
Sophie;Dubois;sophie_dubois@yahoo.com;;03/11/2050;files/persons/f2.jpg
Thomas;Lefevre;t.lefevre@gmail.com;;18/09/2040;files/persons/h2.jpg
Julie;Moreau;j.moreau@outlook.com;;30/12/2067;files/persons/f3.jpg
Lucas;Garcia;lucasgarcia@yahoo.com;;07/03/2048;files/persons/h3.jpg
Émilie;Fournier;emilie_f@gmail.com;;21/06/2055;files/persons/f4.jpg
Paul;Rodriguez;paul.rodriguez@outlook.com;;14/10/2042;files/persons/h4.jpg
Camille;Petit;c.petit@yahoo.com;;29/02/2070;files/persons/f5.jpg
Alice;Leroy;alice.leroy@gmail.com;;05/08/2049;files/persons/f6.jpg
Léa;Andre;lea.andre@gmail.com;;17/05/2051;files/persons/f7.jpg
Gabriel;Mercier;gabriel.mercier@hotmail.com;;09/01/2041;files/persons/h5.jpg
Clara;Lecomte;clara.lecomte@yahoo.com;;22/09/2046;files/persons/f8.jpg
Adam;Chevalier;adam_chevalier@gmail.com;;11/11/2058;files/persons/h6.jpg
Louise;Giraud;louise.giraud@outlook.com;;03/07/2062;files/persons/f9.jpg
Léo;Roux;leo_roux@yahoo.com;;14/06/2039;files/persons/h7.jpg
Juliette;Fabre;juliette.fabre@gmail.com;;28/12/2056;files/persons/f10.jpg
Raphael;Meyer;raphael.meyer@outlook.com;;19/03/2065;files/persons/h8.jpg
Manon;Colin;manon.colin@yahoo.com;;31/08/2069;files/persons/f11.jpg
Thomas;Vincent;thomas.vincent@gmail.com;;02/04/2070;files/persons/h9.jpg
Emma;Picard;emma.picard@hotmail.com;;10/10/2060;files/persons/f12.jpg
Hugo;Renaud;hugo.renaud@yahoo.com;;14/02/2056;files/persons/h10.jpg
Chloé;Blanc;chloe.blanc@gmail.com;;27/07/2067;files/persons/f13.jpg
Nathan;Caron;nathan.caron@hotmail.com;;05/11/2068;files/persons/h11.jpg
Alice;Simon;alice.simon@yahoo.com;;20/01/2036;files/persons/f14.jpg
Arthur;Lefevre;arthur.lefevre@gmail.com;;29/06/2048;files/persons/h12.jpg
Sarah;Garnier;sarah_garnier@outlook.com;;04/09/2053;files/persons/f15.jpg
Léna;Philippe;lena.philippe@yahoo.com;;16/12/2053;files/persons/f16.jpg
Louis;Roche;louis.roche@gmail.com;;08/05/2054;files/persons/h13.jpg
Léa;Martinez;lea.martinez@hotmail.com;;23/08/2044;files/persons/f17.jpg
